{
  "generated_at_utc": "2026-03-04T04:43:29.868171+00:00",
  "iterations": 5000,
  "python": "3.13",
  "repeats": 5,
  "results": {
    "convert_nm_to_angstrom": {
      "max_seconds": 0.00018894210220314563,
      "median_seconds": 0.00018836993779987096,
      "min_seconds": 0.0001860236569773406
    },
    "get_form_quantity": {
      "max_seconds": 4.149010591208935e-06,
      "median_seconds": 4.010377591475845e-06,
      "min_seconds": 3.938933182507753e-06
    },
    "is_quantity_quantity": {
      "max_seconds": 9.299544990062714e-06,
      "median_seconds": 9.266693983227014e-06,
      "min_seconds": 9.191012009978294e-06
    },
    "parse_string_quantity": {
      "max_seconds": 8.71245738118887e-05,
      "median_seconds": 8.704421739093959e-05,
      "min_seconds": 8.654155200347304e-05
    }
  }
}
