{
  "generated_at_utc": "2026-03-03T21:47:40.238650+00:00",
  "iterations": 5000,
  "python": "3.13",
  "repeats": 5,
  "results": {
    "convert_nm_to_angstrom": {
      "max_seconds": 0.00015942721380852163,
      "median_seconds": 0.00015289993803016842,
      "min_seconds": 0.0001508599992375821
    },
    "get_form_quantity": {
      "max_seconds": 4.736973997205495e-06,
      "median_seconds": 4.599451785907149e-06,
      "min_seconds": 4.511324781924486e-06
    },
    "is_quantity_quantity": {
      "max_seconds": 1.1289879400283098e-05,
      "median_seconds": 1.0910992417484522e-05,
      "min_seconds": 1.0593610582873226e-05
    },
    "parse_string_quantity": {
      "max_seconds": 8.31941009964794e-05,
      "median_seconds": 7.649908717721701e-05,
      "min_seconds": 7.335961218923331e-05
    }
  }
}
